<?xml version="1.0" encoding="utf-8"?>
<resources>

    <style name="AppTheme" parent="Theme.AppCompat.Light.NoActionBar">
        <item name="android:windowContentTransitions">true</item>
        <item name="android:windowAllowEnterTransitionOverlap">true</item>
        <item name="android:windowAllowReturnTransitionOverlap">true</item>
        <item name="android:windowSharedElementEnterTransition">@android:transition/move</item>
        <item name="android:windowSharedElementExitTransition">@android:transition/move</item>
    </style>

    <style name="AppTheme.Dark" parent="Theme.AppCompat.NoActionBar">
        <item name="android:windowDrawsSystemBarBackgrounds">true</item>
        <item name="android:statusBarColor">@color/primary_darker</item>

        <item name="android:windowContentTransitions">true</item>
        <item name="android:windowAllowEnterTransitionOverlap">true</item>
        <item name="android:windowAllowReturnTransitionOverlap">true</item>
        <item name="android:windowSharedElementEnterTransition">@android:transition/move</item>
        <item name="android:windowSharedElementExitTransition">@android:transition/move</item>

        <item name="colorPrimary">@color/primary</item>
        <item name="colorPrimaryDark">@color/primary_dark</item>
        <item name="colorAccent">@color/accent</item>

        <item name="android:windowBackground">@color/primary</item>

        <item name="colorControlNormal">@color/iron</item>
        <item name="colorControlActivated">@color/white</item>
        <item name="colorControlHighlight">@color/white</item>
        <item name="android:textColorHint">@color/iron</item>

        <item name="colorButtonNormal">@color/primary_darker</item>
        <item name="android:colorButtonNormal">@color/primary_darker</item>
    </style>

</resources>
