<?xml version="1.0" encoding="utf-8"?>
<resources>
    <color name="colorPrimary">#008577</color>
    <color name="colorPrimaryDark">#00574B</color>
    <color name="colorAccent">#D81B60</color>
    <color name="bgBottomNavigation">#EB182D</color>
    <color name="yellowstar">#CDDC39</color>
    <color name="primary">#E43F3F</color>
    <color name="primary_dark">#E12929</color>
    <color name="primary_darker">#CC1D1D</color>
    <color name="accent">#FFFFFF</color>
    <color name="black">#000000</color>
    <color name="jet">#222222</color>
    <color name="oil">#333333</color>
    <color name="monsoon">#777777</color>
    <color name="jumbo">#888888</color>
    <color name="aluminum">#999999</color>
    <color name="base">#AAAAAA</color>
    <color name="iron">#CCCCCC</color>
    <color name="white">#FFFFFF</color>
</resources>
